Package	Version	License	LicenseUrl	PackageUrl
Avalonia.Controls.ColorPicker	11.2.1	MIT	https://licenses.nuget.org/MIT	https://www.nuget.org/packages/Avalonia.Controls.ColorPicker/11.2.1
Avalonia.Controls.DataGrid	11.2.1	MIT	https://licenses.nuget.org/MIT	https://www.nuget.org/packages/Avalonia.Controls.DataGrid/11.2.1
Avalonia.Desktop	11.2.1	MIT	https://licenses.nuget.org/MIT	https://www.nuget.org/packages/Avalonia.Desktop/11.2.1
Avalonia.Diagnostics	11.2.1	MIT	https://licenses.nuget.org/MIT	https://www.nuget.org/packages/Avalonia.Diagnostics/11.2.1
Avalonia.Fonts.Inter	11.2.1	MIT	https://licenses.nuget.org/MIT	https://www.nuget.org/packages/Avalonia.Fonts.Inter/11.2.1
Avalonia.FreeDesktop	11.2.1	MIT	https://licenses.nuget.org/MIT	https://www.nuget.org/packages/Avalonia.FreeDesktop/11.2.1
Avalonia.Native	11.2.1	MIT	https://licenses.nuget.org/MIT	https://www.nuget.org/packages/Avalonia.Native/11.2.1
Avalonia.Remote.Protocol	11.2.1	MIT	https://licenses.nuget.org/MIT	https://www.nuget.org/packages/Avalonia.Remote.Protocol/11.2.1
Avalonia.Skia	11.2.1	MIT	https://licenses.nuget.org/MIT	https://www.nuget.org/packages/Avalonia.Skia/11.2.1
Avalonia.Themes.Fluent	11.2.1	MIT	https://licenses.nuget.org/MIT	https://www.nuget.org/packages/Avalonia.Themes.Fluent/11.2.1
Avalonia.Themes.Simple	11.2.1	MIT	https://licenses.nuget.org/MIT	https://www.nuget.org/packages/Avalonia.Themes.Simple/11.2.1
Avalonia.Win32	11.2.1	MIT	https://licenses.nuget.org/MIT	https://www.nuget.org/packages/Avalonia.Win32/11.2.1
Avalonia.X11	11.2.1	MIT	https://licenses.nuget.org/MIT	https://www.nuget.org/packages/Avalonia.X11/11.2.1
Avalonia	11.2.1	MIT	https://licenses.nuget.org/MIT	https://www.nuget.org/packages/Avalonia/11.2.1
ClosedXML.Parser	1.2.0	MIT	https://licenses.nuget.org/MIT	https://www.nuget.org/packages/ClosedXML.Parser/1.2.0
ClosedXML	0.104.1	MIT	https://licenses.nuget.org/MIT	https://www.nuget.org/packages/ClosedXML/0.104.1
CommunityToolkit.Mvvm	8.3.2	MIT	https://licenses.nuget.org/MIT	https://www.nuget.org/packages/CommunityToolkit.Mvvm/8.3.2
DocumentFormat.OpenXml.Framework	3.0.1	MIT	https://licenses.nuget.org/MIT	https://www.nuget.org/packages/DocumentFormat.OpenXml.Framework/3.0.1
DocumentFormat.OpenXml	3.0.1	MIT	https://licenses.nuget.org/MIT	https://www.nuget.org/packages/DocumentFormat.OpenXml/3.0.1
ExcelNumberFormat	1.1.0	MIT	https://licenses.nuget.org/MIT	https://www.nuget.org/packages/ExcelNumberFormat/1.1.0
HarfBuzzSharp.NativeAssets.Linux	7.3.0.2	See license link	https://go.microsoft.com/fwlink/?linkid=868514	https://www.nuget.org/packages/HarfBuzzSharp.NativeAssets.Linux/7.3.0.2
HarfBuzzSharp.NativeAssets.macOS	7.3.0.2	See license link	https://go.microsoft.com/fwlink/?linkid=868514	https://www.nuget.org/packages/HarfBuzzSharp.NativeAssets.macOS/7.3.0.2
HarfBuzzSharp.NativeAssets.WebAssembly	7.3.0.3-preview.2.2	MIT	https://licenses.nuget.org/MIT	https://www.nuget.org/packages/HarfBuzzSharp.NativeAssets.WebAssembly/7.3.0.3-preview.2.2
HarfBuzzSharp.NativeAssets.Win32	7.3.0.2	See license link	https://go.microsoft.com/fwlink/?linkid=868514	https://www.nuget.org/packages/HarfBuzzSharp.NativeAssets.Win32/7.3.0.2
HarfBuzzSharp	7.3.0.2	See license link	https://go.microsoft.com/fwlink/?linkid=868514	https://www.nuget.org/packages/HarfBuzzSharp/7.3.0.2
Humanizer.Core	2.14.1	MIT	https://licenses.nuget.org/MIT	https://www.nuget.org/packages/Humanizer.Core/2.14.1
Material.Icons.Avalonia	2.4.1	MIT	https://licenses.nuget.org/MIT	https://www.nuget.org/packages/Material.Icons.Avalonia/2.4.1
Material.Icons	2.4.1	MIT	https://licenses.nuget.org/MIT	https://www.nuget.org/packages/Material.Icons/2.4.1
MicroCom.Runtime	0.11.0	MIT	https://licenses.nuget.org/MIT	https://www.nuget.org/packages/MicroCom.Runtime/0.11.0
Microsoft.AspNetCore.Cryptography.Internal	9.0.0	MIT	https://licenses.nuget.org/MIT	https://www.nuget.org/packages/Microsoft.AspNetCore.Cryptography.Internal/9.0.0
Microsoft.AspNetCore.Cryptography.KeyDerivation	9.0.0	MIT	https://licenses.nuget.org/MIT	https://www.nuget.org/packages/Microsoft.AspNetCore.Cryptography.KeyDerivation/9.0.0
Microsoft.Bcl.AsyncInterfaces	7.0.0	MIT	https://licenses.nuget.org/MIT	https://www.nuget.org/packages/Microsoft.Bcl.AsyncInterfaces/7.0.0
Microsoft.Build.Framework	17.8.3	MIT	https://licenses.nuget.org/MIT	https://www.nuget.org/packages/Microsoft.Build.Framework/17.8.3
Microsoft.Build.Locator	1.7.8	MIT	https://licenses.nuget.org/MIT	https://www.nuget.org/packages/Microsoft.Build.Locator/1.7.8
Microsoft.CodeAnalysis.Common	4.8.0	MIT	https://licenses.nuget.org/MIT	https://www.nuget.org/packages/Microsoft.CodeAnalysis.Common/4.8.0
Microsoft.CodeAnalysis.CSharp.Workspaces	4.8.0	MIT	https://licenses.nuget.org/MIT	https://www.nuget.org/packages/Microsoft.CodeAnalysis.CSharp.Workspaces/4.8.0
Microsoft.CodeAnalysis.CSharp	4.8.0	MIT	https://licenses.nuget.org/MIT	https://www.nuget.org/packages/Microsoft.CodeAnalysis.CSharp/4.8.0
Microsoft.CodeAnalysis.Workspaces.Common	4.8.0	MIT	https://licenses.nuget.org/MIT	https://www.nuget.org/packages/Microsoft.CodeAnalysis.Workspaces.Common/4.8.0
Microsoft.CodeAnalysis.Workspaces.MSBuild	4.8.0	MIT	https://licenses.nuget.org/MIT	https://www.nuget.org/packages/Microsoft.CodeAnalysis.Workspaces.MSBuild/4.8.0
Microsoft.Data.Sqlite.Core	9.0.0	MIT	https://licenses.nuget.org/MIT	https://www.nuget.org/packages/Microsoft.Data.Sqlite.Core/9.0.0
Microsoft.EntityFrameworkCore.Abstractions	9.0.0	MIT	https://licenses.nuget.org/MIT	https://www.nuget.org/packages/Microsoft.EntityFrameworkCore.Abstractions/9.0.0
Microsoft.EntityFrameworkCore.Design	9.0.0	MIT	https://licenses.nuget.org/MIT	https://www.nuget.org/packages/Microsoft.EntityFrameworkCore.Design/9.0.0
Microsoft.EntityFrameworkCore.Relational	9.0.0	MIT	https://licenses.nuget.org/MIT	https://www.nuget.org/packages/Microsoft.EntityFrameworkCore.Relational/9.0.0
Microsoft.EntityFrameworkCore.Sqlite.Core	9.0.0	MIT	https://licenses.nuget.org/MIT	https://www.nuget.org/packages/Microsoft.EntityFrameworkCore.Sqlite.Core/9.0.0
Microsoft.EntityFrameworkCore.Sqlite	9.0.0	MIT	https://licenses.nuget.org/MIT	https://www.nuget.org/packages/Microsoft.EntityFrameworkCore.Sqlite/9.0.0
Microsoft.EntityFrameworkCore	9.0.0	MIT	https://licenses.nuget.org/MIT	https://www.nuget.org/packages/Microsoft.EntityFrameworkCore/9.0.0
Microsoft.Extensions.Caching.Abstractions	9.0.0	MIT	https://licenses.nuget.org/MIT	https://www.nuget.org/packages/Microsoft.Extensions.Caching.Abstractions/9.0.0
Microsoft.Extensions.Caching.Memory	9.0.0	MIT	https://licenses.nuget.org/MIT	https://www.nuget.org/packages/Microsoft.Extensions.Caching.Memory/9.0.0
Microsoft.Extensions.Configuration.Abstractions	9.0.0	MIT	https://licenses.nuget.org/MIT	https://www.nuget.org/packages/Microsoft.Extensions.Configuration.Abstractions/9.0.0
Microsoft.Extensions.DependencyInjection.Abstractions	9.0.0	MIT	https://licenses.nuget.org/MIT	https://www.nuget.org/packages/Microsoft.Extensions.DependencyInjection.Abstractions/9.0.0
Microsoft.Extensions.DependencyInjection	9.0.0	MIT	https://licenses.nuget.org/MIT	https://www.nuget.org/packages/Microsoft.Extensions.DependencyInjection/9.0.0
Microsoft.Extensions.DependencyModel	9.0.0	MIT	https://licenses.nuget.org/MIT	https://www.nuget.org/packages/Microsoft.Extensions.DependencyModel/9.0.0
Microsoft.Extensions.Logging.Abstractions	9.0.0	MIT	https://licenses.nuget.org/MIT	https://www.nuget.org/packages/Microsoft.Extensions.Logging.Abstractions/9.0.0
Microsoft.Extensions.Logging	9.0.0	MIT	https://licenses.nuget.org/MIT	https://www.nuget.org/packages/Microsoft.Extensions.Logging/9.0.0
Microsoft.Extensions.Options	9.0.0	MIT	https://licenses.nuget.org/MIT	https://www.nuget.org/packages/Microsoft.Extensions.Options/9.0.0
Microsoft.Extensions.Primitives	9.0.0	MIT	https://licenses.nuget.org/MIT	https://www.nuget.org/packages/Microsoft.Extensions.Primitives/9.0.0
Microsoft.Win32.SystemEvents	9.0.0	MIT	https://licenses.nuget.org/MIT	https://www.nuget.org/packages/Microsoft.Win32.SystemEvents/9.0.0
Mono.TextTemplating	3.0.0	MIT	https://licenses.nuget.org/MIT	https://www.nuget.org/packages/Mono.TextTemplating/3.0.0
QRCoder	1.6.0	MIT	https://licenses.nuget.org/MIT	https://www.nuget.org/packages/QRCoder/1.6.0
RBush	3.2.0	MIT	https://licenses.nuget.org/MIT	https://www.nuget.org/packages/RBush/3.2.0
SixLabors.Fonts	1.0.0	Apache-2.0	https://licenses.nuget.org/Apache-2.0	https://www.nuget.org/packages/SixLabors.Fonts/1.0.0
SkiaSharp.NativeAssets.Linux	2.88.8	See license link	https://go.microsoft.com/fwlink/?linkid=868514	https://www.nuget.org/packages/SkiaSharp.NativeAssets.Linux/2.88.8
SkiaSharp.NativeAssets.macOS	2.88.8	See license link	https://go.microsoft.com/fwlink/?linkid=868514	https://www.nuget.org/packages/SkiaSharp.NativeAssets.macOS/2.88.8
SkiaSharp.NativeAssets.WebAssembly	2.88.8	See license link	https://go.microsoft.com/fwlink/?linkid=868514	https://www.nuget.org/packages/SkiaSharp.NativeAssets.WebAssembly/2.88.8
SkiaSharp.NativeAssets.Win32	2.88.8	See license link	https://go.microsoft.com/fwlink/?linkid=868514	https://www.nuget.org/packages/SkiaSharp.NativeAssets.Win32/2.88.8
SkiaSharp	2.88.8	See license link	https://go.microsoft.com/fwlink/?linkid=868514	https://www.nuget.org/packages/SkiaSharp/2.88.8
SQLitePCLRaw.bundle_e_sqlite3	2.1.10	Apache-2.0	https://licenses.nuget.org/Apache-2.0	https://www.nuget.org/packages/SQLitePCLRaw.bundle_e_sqlite3/2.1.10
SQLitePCLRaw.core	2.1.10	Apache-2.0	https://licenses.nuget.org/Apache-2.0	https://www.nuget.org/packages/SQLitePCLRaw.core/2.1.10
SQLitePCLRaw.lib.e_sqlite3	2.1.10	Apache-2.0	https://licenses.nuget.org/Apache-2.0	https://www.nuget.org/packages/SQLitePCLRaw.lib.e_sqlite3/2.1.10
SQLitePCLRaw.provider.e_sqlite3	2.1.10	Apache-2.0	https://licenses.nuget.org/Apache-2.0	https://www.nuget.org/packages/SQLitePCLRaw.provider.e_sqlite3/2.1.10
System.CodeDom	6.0.0	MIT	https://licenses.nuget.org/MIT	https://www.nuget.org/packages/System.CodeDom/6.0.0
System.Collections.Immutable	7.0.0	MIT	https://licenses.nuget.org/MIT	https://www.nuget.org/packages/System.Collections.Immutable/7.0.0
System.Composition.AttributedModel	7.0.0	MIT	https://licenses.nuget.org/MIT	https://www.nuget.org/packages/System.Composition.AttributedModel/7.0.0
System.Composition.Convention	7.0.0	MIT	https://licenses.nuget.org/MIT	https://www.nuget.org/packages/System.Composition.Convention/7.0.0
System.Composition.Hosting	7.0.0	MIT	https://licenses.nuget.org/MIT	https://www.nuget.org/packages/System.Composition.Hosting/7.0.0
System.Composition.Runtime	7.0.0	MIT	https://licenses.nuget.org/MIT	https://www.nuget.org/packages/System.Composition.Runtime/7.0.0
System.Composition.TypedParts	7.0.0	MIT	https://licenses.nuget.org/MIT	https://www.nuget.org/packages/System.Composition.TypedParts/7.0.0
System.Composition	7.0.0	MIT	https://licenses.nuget.org/MIT	https://www.nuget.org/packages/System.Composition/7.0.0
System.Drawing.Common	9.0.0	MIT	https://licenses.nuget.org/MIT	https://www.nuget.org/packages/System.Drawing.Common/9.0.0
System.IO.Packaging	8.0.0	MIT	https://licenses.nuget.org/MIT	https://www.nuget.org/packages/System.IO.Packaging/8.0.0
System.IO.Pipelines	8.0.0	MIT	https://licenses.nuget.org/MIT	https://www.nuget.org/packages/System.IO.Pipelines/8.0.0
System.Memory	4.5.3	See license link	https://github.com/dotnet/corefx/blob/master/LICENSE.TXT	https://www.nuget.org/packages/System.Memory/4.5.3
System.Reflection.Metadata	7.0.0	MIT	https://licenses.nuget.org/MIT	https://www.nuget.org/packages/System.Reflection.Metadata/7.0.0
System.Runtime.CompilerServices.Unsafe	6.0.0	MIT	https://licenses.nuget.org/MIT	https://www.nuget.org/packages/System.Runtime.CompilerServices.Unsafe/6.0.0
System.Text.Json	9.0.0	MIT	https://licenses.nuget.org/MIT	https://www.nuget.org/packages/System.Text.Json/9.0.0
System.Threading.Channels	7.0.0	MIT	https://licenses.nuget.org/MIT	https://www.nuget.org/packages/System.Threading.Channels/7.0.0
Tmds.DBus.Protocol	0.20.0	MIT	https://licenses.nuget.org/MIT	https://www.nuget.org/packages/Tmds.DBus.Protocol/0.20.0
